0,1
https://www.kufar.by/item/245710243?searchId=7ce7f5c4294bb3b634c216ff348ae81bf38b,"ДоговорнаяКУХНЯ НА ЗАКАЗ В МИНСКЕМинск, ЦентральныйДоставка по БеларусиПозвонить"
https://www.kufar.by/item/125705112?searchId=7ce7f5c4294bb3b634c216ff348ae81bf38b,"65 р.Столы 102х60см. АКЦИЯ. НОВЫЕ. ДоставкаМинск, ЦентральныйПозвонить"
https://www.kufar.by/item/246096974?searchId=7ce7f5c4294bb3b634c216ff348ae81bf38b,"550 р.матрас askona 200x200 + кровать в комплекте Минск, ОктябрьскийПозвонить"
https://www.kufar.by/item/172112781?rank=0&searchId=7ce7f5c4294bb3b634c216ff348ae81bf38b,596 р.Шкаф-купе эконом ''Сапермебель'' / выбор цветаВитебск
https://www.kufar.by/item/248264748?rank=1&searchId=7ce7f5c4294bb3b634c216ff348ae81bf38b,615 р.Двухъярусная кровать Вестервиг из массива 90х200/150х200 см / детская двухъярусная кровать ГомельДоставка по БеларусиРассрочка
https://www.kufar.by/item/253608428?rank=2&searchId=7ce7f5c4294bb3b634c216ff348ae81bf38b,"240 р.Диван Гродненская, Лида"
https://www.kufar.by/item/172343138?rank=3&searchId=7ce7f5c4294bb3b634c216ff348ae81bf38b,989 р.фабричные кухни. ЛУЧШИЕ СРОКИ И ЦЕНАВитебск
https://www.kufar.by/item/253608347?rank=4&searchId=7ce7f5c4294bb3b634c216ff348ae81bf38b,"30 р.Вешалки крючкиМинск, Советский"
https://www.kufar.by/item/253608344?rank=5&searchId=7ce7f5c4294bb3b634c216ff348ae81bf38b,130 р.СтолМогилев
https://www.kufar.by/item/250143401?rank=6&searchId=7ce7f5c4294bb3b634c216ff348ae81bf38b,"200 р.Кровать-чердак Витебская, Новополоцк"
https://www.kufar.by/item/251768257?rank=7&searchId=7ce7f5c4294bb3b634c216ff348ae81bf38b,"800 р.Кровать-чердак с рабочей зоной и шкафом, JYSKБрест"
https://www.kufar.by/item/253608228?rank=8&searchId=7ce7f5c4294bb3b634c216ff348ae81bf38b,"100 р.Кровать детскаяМинск, Фрунзенский"
https://www.kufar.by/item/253608231?rank=9&searchId=7ce7f5c4294bb3b634c216ff348ae81bf38b,"400 р.Секция 250*200*50Минск, Ленинский"
https://www.kufar.by/item/253608220?rank=10&searchId=7ce7f5c4294bb3b634c216ff348ae81bf38b,"60 р.ТумбочкаМинск, Фрунзенский"
https://www.kufar.by/item/253608192?rank=11&searchId=7ce7f5c4294bb3b634c216ff348ae81bf38b,"50 р.Кресло Минск, Московский"
https://www.kufar.by/item/253608175?rank=12&searchId=7ce7f5c4294bb3b634c216ff348ae81bf38b,100 р.КомодГомель
https://www.kufar.by/item/253608171?rank=13&searchId=7ce7f5c4294bb3b634c216ff348ae81bf38b,100 р.Матрас 160*200Гомель
https://www.kufar.by/item/251525514?rank=14&searchId=7ce7f5c4294bb3b634c216ff348ae81bf38b,"1 300 р.ДиванМинск, Московский"
https://www.kufar.by/item/253608112?rank=15&searchId=7ce7f5c4294bb3b634c216ff348ae81bf38b,"49 р.полочка для обуви этажерка эльф пласт полкаМинск, Октябрьский"
https://www.kufar.by/item/253608092?rank=16&searchId=7ce7f5c4294bb3b634c216ff348ae81bf38b,"99 р.Стол и стул IKEA  MammutМинск, Заводской"
https://www.kufar.by/item/116332607?rank=17&searchId=7ce7f5c4294bb3b634c216ff348ae81bf38b,"ДоговорнаяШкафы-купе под заказ Качество.Минск, Центральный"
https://www.kufar.by/item/253608074?rank=18&searchId=7ce7f5c4294bb3b634c216ff348ae81bf38b,"1 500 р.Диван угловойМинск, Фрунзенский"
https://www.kufar.by/item/113666961?rank=19&searchId=7ce7f5c4294bb3b634c216ff348ae81bf38b,"ДоговорнаяКухня мдф краска.Акрил.На заказ.Минск, Центральный"
https://www.kufar.by/item/251456030?rank=20&searchId=7ce7f5c4294bb3b634c216ff348ae81bf38b,1 494 р.-15% Парящая кровать из массива дуба Пиастр (рассрочка до 36 мес.)БрестДоставка по БеларусиРассрочка
https://www.kufar.by/item/252727223?rank=21&searchId=7ce7f5c4294bb3b634c216ff348ae81bf38b,ДоговорнаяМебель по индивидуальному проекту.ГродноДоставкаРассрочка
https://www.kufar.by/item/253607991?rank=22&searchId=7ce7f5c4294bb3b634c216ff348ae81bf38b,60 р.Матрас VEGAS б/уБрест
https://www.kufar.by/item/253607988?rank=23&searchId=7ce7f5c4294bb3b634c216ff348ae81bf38b,350 р.Кровать трансформер 3 в1 детскаяМогилев
https://www.kufar.by/item/56829725?rank=24&searchId=7ce7f5c4294bb3b634c216ff348ae81bf38b,65 р. Стулья Табуретки ДОСТАВКАГомельДоставка по Беларуси
https://www.kufar.by/item/253607885?rank=25&searchId=7ce7f5c4294bb3b634c216ff348ae81bf38b,"150 р.Кровать двухъярусная Могилевская, Осиповичи"
https://www.kufar.by/item/253607363?rank=26&searchId=7ce7f5c4294bb3b634c216ff348ae81bf38b,45 р.Двери в шкаф купеБрест
https://www.kufar.by/item/249844954?rank=27&searchId=7ce7f5c4294bb3b634c216ff348ae81bf38b,"150 р.Тахта Волна Минская, Фаниполь"
https://www.kufar.by/item/253607840?rank=28&searchId=7ce7f5c4294bb3b634c216ff348ae81bf38b,"75 р.Пеленальный комодик. Минск, Октябрьский"
https://www.kufar.by/item/253607801?rank=29&searchId=7ce7f5c4294bb3b634c216ff348ae81bf38b,БесплатноШкафБрест
https://www.kufar.by/item/253606646?rank=30&searchId=7ce7f5c4294bb3b634c216ff348ae81bf38b,"230 р.Детская кроватка-маятникМогилевская, Бобруйск"
https://www.kufar.by/item/250178928?rank=31&searchId=7ce7f5c4294bb3b634c216ff348ae81bf38b,"200 р.Продам тумбу под твМинск, Советский"
https://www.kufar.by/item/253607762?rank=32&searchId=7ce7f5c4294bb3b634c216ff348ae81bf38b,"200 р.Парта и стул на выростМогилевская, Осиповичи"
https://www.kufar.by/item/176568646?rank=33&searchId=7ce7f5c4294bb3b634c216ff348ae81bf38b,"790 р.Угловые кухни из модулей. Выбор цвета.3Д Модель.Минск, ЛенинскийДоставка по Беларуси"
https://www.kufar.by/item/205632649?rank=34&searchId=7ce7f5c4294bb3b634c216ff348ae81bf38b,"400 р.МОДУЛЬНЫЕ КУХНИ. ПРЯМЫЕ И УГЛОВЫЕ. ЛЮБОЙ РАЗМЕР.Минск, СоветскийДоставка по Беларуси"
https://www.kufar.by/item/218114697?rank=35&searchId=7ce7f5c4294bb3b634c216ff348ae81bf38b,"700 р.МОДУЛЬНЫЕ КУХНИ. ПРОЕКТ. ДОСТАВКА. ГАРАНТИЯ.Минск, СоветскийДоставка по Беларуси"
https://www.kufar.by/item/253144136?rank=36&searchId=7ce7f5c4294bb3b634c216ff348ae81bf38b,1 390 р.Детская Брест
https://www.kufar.by/item/252680934?rank=37&searchId=7ce7f5c4294bb3b634c216ff348ae81bf38b,100 р.Диван угловой Брест
https://www.kufar.by/item/253607714?rank=38&searchId=7ce7f5c4294bb3b634c216ff348ae81bf38b,"75 р.Банкетка пуфикМинск, Центральный"
https://www.kufar.by/item/245777492?rank=39&searchId=7ce7f5c4294bb3b634c216ff348ae81bf38b,"69 р.тумба новая для обуви обувница без дверей Минск, Фрунзенский"
https://www.kufar.by/item/253607635?rank=40&searchId=7ce7f5c4294bb3b634c216ff348ae81bf38b,"80 р.Стол туалетный/рабочий ''Эльба'' (Пинскдрев)Могилевская, Быхов"
https://www.kufar.by/item/253607602?rank=41&searchId=7ce7f5c4294bb3b634c216ff348ae81bf38b,"200 р.Продам срочно Двухъярусная кровать/шкаф/столМинск, Октябрьский"
https://www.kufar.by/item/251633841?rank=42&searchId=7ce7f5c4294bb3b634c216ff348ae81bf38b,"1 990 р.диван-кровать АСКОНА цена можно поторговаться Минск, Центральный"
https://www.kufar.by/item/251456030?block=Multiregion,1 494 р.-15% Парящая кровать из массива дуба Пиастр (рассрочка до 36 мес.)БрестДоставка по БеларусиРассрочка
https://www.kufar.by/item/56829725?block=Multiregion,65 р. Стулья Табуретки ДОСТАВКАГомельДоставка по Беларуси
https://www.kufar.by/item/176568646?block=Multiregion,"790 р.Угловые кухни из модулей. Выбор цвета.3Д Модель.Минск, ЛенинскийДоставка по Беларуси"
https://www.kufar.by/item/205632649?block=Multiregion,"400 р.МОДУЛЬНЫЕ КУХНИ. ПРЯМЫЕ И УГЛОВЫЕ. ЛЮБОЙ РАЗМЕР.Минск, СоветскийДоставка по Беларуси"
https://www.kufar.by/item/218114697?block=Multiregion,"700 р.МОДУЛЬНЫЕ КУХНИ. ПРОЕКТ. ДОСТАВКА. ГАРАНТИЯ.Минск, СоветскийДоставка по Беларуси"
https://www.kufar.by/item/249203450?block=Multiregion,"1 000 р.КУХНЯ ПОД ЗАКАЗ, БРЕСТ БрестДоставка по БеларусиРассрочка"
https://www.kufar.by/item/187315985?block=Multiregion,199 р.Кровать двуспальная «Молли».Бесплатная доставка по РББрестДоставка по Беларуси
https://www.kufar.by/item/190603823?block=Multiregion,539 р.Кухонный уголок Любава 6.Бесплатная доставка по РБ. МогилевДоставка по Беларуси
