0,1,2
https://www.kufar.by/item/250672003?searchId=785fe4b5b9fa4ee5bc9e2b96a022ddf3f9a0,190,Столик компьютерныйГродноПозвонить
https://www.kufar.by/item/252943137?searchId=785fe4b5b9fa4ee5bc9e2b96a022ddf3f9a0,7999,"Финский диван Luonto Hampton Queen Size Минск, ЦентральныйПозвонить"
https://www.kufar.by/item/253636377?rank=0&searchId=785fe4b5b9fa4ee5bc9e2b96a022ddf3f9a0,90,"КомодМинск, Октябрьский"
https://www.kufar.by/item/244007245?rank=1&searchId=785fe4b5b9fa4ee5bc9e2b96a022ddf3f9a0,70,"Шкаф железныйМинск, Ленинский"
https://www.kufar.by/item/253636209?rank=2&searchId=785fe4b5b9fa4ee5bc9e2b96a022ddf3f9a0,9,"Детская табуреточка Минск, Московский"
https://www.kufar.by/item/253636186?rank=3&searchId=785fe4b5b9fa4ee5bc9e2b96a022ddf3f9a0,100,"Кровать Польша 160на 80Минск, Центральный"
https://www.kufar.by/item/253636173?rank=4&searchId=785fe4b5b9fa4ee5bc9e2b96a022ddf3f9a0,19,"Табуреточка детская Минск, Московский"
https://www.kufar.by/item/253636141?rank=5&searchId=785fe4b5b9fa4ee5bc9e2b96a022ddf3f9a0,60,"Письменный стол, маникюрный складнойМинск, Октябрьский"
https://www.kufar.by/item/253636106?rank=6&searchId=785fe4b5b9fa4ee5bc9e2b96a022ddf3f9a0,220,Кровать маятник с комодомГродно
https://www.kufar.by/item/253635691?rank=7&searchId=785fe4b5b9fa4ee5bc9e2b96a022ddf3f9a0,350,"Кровать-чердак+лестница-комодГомельская, Речица"
https://www.kufar.by/item/252376107?rank=9&searchId=785fe4b5b9fa4ee5bc9e2b96a022ddf3f9a0,1500,Кровать двухспальная 1600х2000Гомель
https://www.kufar.by/item/253635982?rank=10&searchId=785fe4b5b9fa4ee5bc9e2b96a022ddf3f9a0,130,ТрюмоВитебск
https://www.kufar.by/item/253635966?rank=11&searchId=785fe4b5b9fa4ee5bc9e2b96a022ddf3f9a0,350,ДиванГродно
https://www.kufar.by/item/231734226?rank=12&searchId=785fe4b5b9fa4ee5bc9e2b96a022ddf3f9a0,750,"Столешница из искусственного камня Минская, Молодечно"
https://www.kufar.by/item/253635936?rank=13&searchId=785fe4b5b9fa4ee5bc9e2b96a022ddf3f9a0,120,"Диван, тахтаМинск, Фрунзенский"
https://www.kufar.by/item/253635934?rank=14&searchId=785fe4b5b9fa4ee5bc9e2b96a022ddf3f9a0,60,"Матрас 120х60 детскийМинск, Центральный"
https://www.kufar.by/item/253635869?rank=15&searchId=785fe4b5b9fa4ee5bc9e2b96a022ddf3f9a0,20,"Компьютерный столМинская, Солигорск"
https://www.kufar.by/item/253635725?rank=16&searchId=785fe4b5b9fa4ee5bc9e2b96a022ddf3f9a0,5,НожкиГродно
https://www.kufar.by/item/253635218?rank=18&searchId=785fe4b5b9fa4ee5bc9e2b96a022ddf3f9a0,260,"Кресло к туалетному столикуМинск, Ленинский"
https://www.kufar.by/item/253635647?rank=19&searchId=785fe4b5b9fa4ee5bc9e2b96a022ddf3f9a0,750,Коляска Гродно
https://www.kufar.by/item/251391269?rank=20&searchId=785fe4b5b9fa4ee5bc9e2b96a022ddf3f9a0,600,Диван угловойВитебск
https://www.kufar.by/item/249574830?rank=21&searchId=785fe4b5b9fa4ee5bc9e2b96a022ddf3f9a0,100,"ДиванМинск, Первомайский"
https://www.kufar.by/item/249369182?rank=22&searchId=785fe4b5b9fa4ee5bc9e2b96a022ddf3f9a0,300,"Детская кроватка indigo + матрасМинск, Фрунзенский"
https://www.kufar.by/item/253635483?rank=23&searchId=785fe4b5b9fa4ee5bc9e2b96a022ddf3f9a0,100,Письменный столГомель
https://www.kufar.by/item/247226699?rank=24&searchId=785fe4b5b9fa4ee5bc9e2b96a022ddf3f9a0,230,"Комод и витрина с подсветкой Минск, Фрунзенский"
https://www.kufar.by/item/252416237?rank=25&searchId=785fe4b5b9fa4ee5bc9e2b96a022ddf3f9a0,250,Шкаф Брест
https://www.kufar.by/item/196878864?rank=26&searchId=785fe4b5b9fa4ee5bc9e2b96a022ddf3f9a0,680,"КУХНИ. ВЫБОР ЦВЕТА И МАТЕРИАЛА.Минск, СоветскийДоставка по Беларуси"
https://www.kufar.by/item/197160483?rank=27&searchId=785fe4b5b9fa4ee5bc9e2b96a022ddf3f9a0,750,"КУХНИ. ВЫБОР ЦВЕТА И РАЗМЕРА.Минск, ЦентральныйДоставка по Беларуси"
https://www.kufar.by/item/205779011?rank=28&searchId=785fe4b5b9fa4ee5bc9e2b96a022ddf3f9a0,420,"МОДУЛЬНЫЕ КУХНИ. ПРЯМЫЕ И УГЛОВЫЕ. КАЧЕСТВЕННО.Минск, ЛенинскийДоставка по Беларуси"
https://www.kufar.by/item/251096932?rank=29&searchId=785fe4b5b9fa4ee5bc9e2b96a022ddf3f9a0,190,"Шкаф в прихожую с зеркаломМинск, Партизанский"
https://www.kufar.by/item/253635229?rank=30&searchId=785fe4b5b9fa4ee5bc9e2b96a022ddf3f9a0,50,"КреслаМинск, Московский"
https://www.kufar.by/item/253635188?rank=31&searchId=785fe4b5b9fa4ee5bc9e2b96a022ddf3f9a0,30,СтулГомель
https://www.kufar.by/item/253635141?rank=33&searchId=785fe4b5b9fa4ee5bc9e2b96a022ddf3f9a0,50,Раскладной столВитебск
https://www.kufar.by/item/197438519?rank=34&searchId=785fe4b5b9fa4ee5bc9e2b96a022ddf3f9a0,69,"Полка навесная цвет белый с текстурой дере 120*35 Минск, Ленинский"
https://www.kufar.by/item/252516047?rank=36&searchId=785fe4b5b9fa4ee5bc9e2b96a022ddf3f9a0,200,"Туалетный столикМинск, Фрунзенский"
https://www.kufar.by/item/252984291?rank=37&searchId=785fe4b5b9fa4ee5bc9e2b96a022ddf3f9a0,370,Шкаф купеГомель
https://www.kufar.by/item/252756719?rank=38&searchId=785fe4b5b9fa4ee5bc9e2b96a022ddf3f9a0,250,"Комод из массиваМинск, Партизанский"
https://www.kufar.by/item/253635020?rank=39&searchId=785fe4b5b9fa4ee5bc9e2b96a022ddf3f9a0,100,"Кроватка для новорожденногоМинск, Ленинский"
https://www.kufar.by/item/253635010?rank=40&searchId=785fe4b5b9fa4ee5bc9e2b96a022ddf3f9a0,55,Продаётся матрасы Гомель
https://www.kufar.by/item/252392791?rank=41&searchId=785fe4b5b9fa4ee5bc9e2b96a022ddf3f9a0,170,"КроватьМинская, Солигорск"
https://www.kufar.by/item/251320389?rank=42&searchId=785fe4b5b9fa4ee5bc9e2b96a022ddf3f9a0,320,"Кровать с матрасом Витебская, Полоцк"
https://www.kufar.by/item/196878864?block=Multiregion,680,"КУХНИ. ВЫБОР ЦВЕТА И МАТЕРИАЛА.Минск, СоветскийДоставка по Беларуси"
https://www.kufar.by/item/197160483?block=Multiregion,750,"КУХНИ. ВЫБОР ЦВЕТА И РАЗМЕРА.Минск, ЦентральныйДоставка по Беларуси"
https://www.kufar.by/item/205779011?block=Multiregion,420,"МОДУЛЬНЫЕ КУХНИ. ПРЯМЫЕ И УГЛОВЫЕ. КАЧЕСТВЕННО.Минск, ЛенинскийДоставка по Беларуси"
https://www.kufar.by/item/250574113?block=Multiregion,565,"Кресло компьютерное с RGB подсветкой красноеМинск, ПервомайскийДоставка по Беларуси"
https://www.kufar.by/item/250576645?block=Multiregion,440,"Кресло компьютерное офисное с вибромассажем черноеМинск, ПервомайскийДоставка по Беларуси"
https://www.kufar.by/item/250476759?block=Multiregion,565,"Игровое кресло компьютерное с RGB подсветкойМинск, ПервомайскийДоставка по Беларуси"
https://www.kufar.by/item/250573827?block=Multiregion,565,"Игровое кресло компьютерное с RGB подсветкой белоеМинск, ПервомайскийДоставка по Беларуси"
https://www.kufar.by/item/250574308?block=Multiregion,565,"Кресло компьютерное с RGB подсветкой розовоеМинск, ПервомайскийДоставка по Беларуси"
https://www.kufar.by/item/250672003?searchId=be4645bbd5dbbc26da21e99581eccb9aa305,190,Столик компьютерныйГродноПозвонить
https://www.kufar.by/item/252943137?searchId=be4645bbd5dbbc26da21e99581eccb9aa305,7999,"Финский диван Luonto Hampton Queen Size Минск, ЦентральныйПозвонить"
https://www.kufar.by/item/253634873?rank=43&searchId=be4645bbd5dbbc26da21e99581eccb9aa305,100,"ТахтаБрестская, Пинск"
https://www.kufar.by/item/251390950?rank=44&searchId=be4645bbd5dbbc26da21e99581eccb9aa305,260,"Детская кровать-трансформер Incanto 9 в 1Минск, Заводской"
https://www.kufar.by/item/249308725?rank=45&searchId=be4645bbd5dbbc26da21e99581eccb9aa305,580,"КомодМинск, Фрунзенский"
https://www.kufar.by/item/253085599?rank=46&searchId=be4645bbd5dbbc26da21e99581eccb9aa305,350,"Матрас Vegas F3 180*200Минск, Первомайский"
https://www.kufar.by/item/252857876?rank=48&searchId=be4645bbd5dbbc26da21e99581eccb9aa305,50,"Детский комод с выдвижными ящикамиМинск, Фрунзенский"
https://www.kufar.by/item/253633755?rank=49&searchId=be4645bbd5dbbc26da21e99581eccb9aa305,20,"Полка настольная.Брестская, Барановичи"
https://www.kufar.by/item/252993000?rank=50&searchId=be4645bbd5dbbc26da21e99581eccb9aa305,8,"Направляющие hettichМинск, Московский"
https://www.kufar.by/item/253634537?rank=51&searchId=be4645bbd5dbbc26da21e99581eccb9aa305,25,"Мягкое креслоГомельская, Мозырь"
https://www.kufar.by/item/250574113?rank=52&searchId=be4645bbd5dbbc26da21e99581eccb9aa305,565,"Кресло компьютерное с RGB подсветкой красноеМинск, ПервомайскийДоставка по Беларуси"
https://www.kufar.by/item/250576645?rank=53&searchId=be4645bbd5dbbc26da21e99581eccb9aa305,440,"Кресло компьютерное офисное с вибромассажем черноеМинск, ПервомайскийДоставка по Беларуси"
https://www.kufar.by/item/250476759?rank=54&searchId=be4645bbd5dbbc26da21e99581eccb9aa305,565,"Игровое кресло компьютерное с RGB подсветкойМинск, ПервомайскийДоставка по Беларуси"
https://www.kufar.by/item/250573827?rank=55&searchId=be4645bbd5dbbc26da21e99581eccb9aa305,565,"Игровое кресло компьютерное с RGB подсветкой белоеМинск, ПервомайскийДоставка по Беларуси"
https://www.kufar.by/item/250574308?rank=56&searchId=be4645bbd5dbbc26da21e99581eccb9aa305,565,"Кресло компьютерное с RGB подсветкой розовоеМинск, ПервомайскийДоставка по Беларуси"
https://www.kufar.by/item/250574563?rank=57&searchId=be4645bbd5dbbc26da21e99581eccb9aa305,565,"Кресло компьютерное с RGB подсветкой черноеМинск, ПервомайскийДоставка по Беларуси"
https://www.kufar.by/item/250575202?rank=58&searchId=be4645bbd5dbbc26da21e99581eccb9aa305,580,"Игровое геймерское кресло компьютерное RazerМинск, ПервомайскийДоставка по Беларуси"
https://www.kufar.by/item/250575530?rank=59&searchId=be4645bbd5dbbc26da21e99581eccb9aa305,650,"Игровое геймерское кресло с подсветкой RazerМинск, ПервомайскийДоставка по Беларуси"
https://www.kufar.by/item/250575916?rank=60&searchId=be4645bbd5dbbc26da21e99581eccb9aa305,380,"Кресло офисное с подставкой для ног белоеМинск, ПервомайскийДоставка по Беларуси"
https://www.kufar.by/item/250576191?rank=61&searchId=be4645bbd5dbbc26da21e99581eccb9aa305,380,"Кресло офисное с подставкой для ног черноеМинск, ПервомайскийДоставка по Беларуси"
https://www.kufar.by/item/250576453?rank=62&searchId=be4645bbd5dbbc26da21e99581eccb9aa305,440,"Кресло компьютерное офисное с вибромассажем белоеМинск, ПервомайскийДоставка по Беларуси"
https://www.kufar.by/item/253634510?rank=63&searchId=be4645bbd5dbbc26da21e99581eccb9aa305,300,"Детская кроватка, матрасВитебская, Орша"
https://www.kufar.by/item/242866723?rank=64&searchId=be4645bbd5dbbc26da21e99581eccb9aa305,20,Журнальный столикГомель
https://www.kufar.by/item/253634481?rank=65&searchId=be4645bbd5dbbc26da21e99581eccb9aa305,50,Стол компьютерный Гомель
https://www.kufar.by/item/253633241?rank=66&searchId=be4645bbd5dbbc26da21e99581eccb9aa305,70750,"Тумба 100,  МДФ с высокоглянцевым покрытием.101/45Минск, Фрунзенский"
https://www.kufar.by/item/242836294?rank=67&searchId=be4645bbd5dbbc26da21e99581eccb9aa305,45,"Стол компьютерныйМинск, Фрунзенский"
https://www.kufar.by/item/240372070?rank=68&searchId=be4645bbd5dbbc26da21e99581eccb9aa305,175,Продам тахтуВитебск
https://www.kufar.by/item/248483735?rank=69&searchId=be4645bbd5dbbc26da21e99581eccb9aa305,3200,"Диван б/у длина 4.50 Минск, Фрунзенский"
https://www.kufar.by/item/184768629?rank=70&searchId=be4645bbd5dbbc26da21e99581eccb9aa305,155,"Стеллаж Дуб Монтерей 10секций,разные цветаМинск, Ленинский"
https://www.kufar.by/item/253634182?rank=71&searchId=be4645bbd5dbbc26da21e99581eccb9aa305,60,"Стул Могилевская, Осиповичи"
https://www.kufar.by/item/253634168?rank=72&searchId=be4645bbd5dbbc26da21e99581eccb9aa305,10,"Ручки для шкафчикаВитебская, Полоцк"
https://www.kufar.by/item/249390518?rank=73&searchId=be4645bbd5dbbc26da21e99581eccb9aa305,70,"Детская кроватка Антел Julia-1 + матрасМинск, Центральный"
https://www.kufar.by/item/253634062?rank=74&searchId=be4645bbd5dbbc26da21e99581eccb9aa305,100,"Матрас 180*200Минск, Первомайский"
https://www.kufar.by/item/253634037?rank=75&searchId=be4645bbd5dbbc26da21e99581eccb9aa305,70,Маятник для кроватки Lilloo DremaМогилев
https://www.kufar.by/item/253634007?rank=76&searchId=be4645bbd5dbbc26da21e99581eccb9aa305,100,Стол и 3  стулаГомель
https://www.kufar.by/item/251338696?rank=78&searchId=be4645bbd5dbbc26da21e99581eccb9aa305,360,Стенка миниВитебск
https://www.kufar.by/item/251069881?rank=79&searchId=be4645bbd5dbbc26da21e99581eccb9aa305,550,"Кровать Свинка Пеппа (Peppa pig)Минск, Фрунзенский"
https://www.kufar.by/item/253633962?rank=80&searchId=be4645bbd5dbbc26da21e99581eccb9aa305,90,"Кроватка детская с матрасомМинск, Первомайский"
https://www.kufar.by/item/253633926?rank=81&searchId=be4645bbd5dbbc26da21e99581eccb9aa305,200,"Матрас 170x200Минск, Московский"
https://www.kufar.by/item/253633921?rank=83&searchId=be4645bbd5dbbc26da21e99581eccb9aa305,20,"Держатель для балдахина Минск, Московский"
https://www.kufar.by/item/253633916?rank=84&searchId=be4645bbd5dbbc26da21e99581eccb9aa305,25,Матрас в детскую кроватку Гомель
https://www.kufar.by/item/251785147?rank=85&searchId=be4645bbd5dbbc26da21e99581eccb9aa305,2100,"Кровать 180×200 (массив дуба)Минск, Первомайский"
https://www.kufar.by/item/196878864?block=Multiregion,680,"КУХНИ. ВЫБОР ЦВЕТА И МАТЕРИАЛА.Минск, СоветскийДоставка по Беларуси"
https://www.kufar.by/item/197160483?block=Multiregion,750,"КУХНИ. ВЫБОР ЦВЕТА И РАЗМЕРА.Минск, ЦентральныйДоставка по Беларуси"
https://www.kufar.by/item/205779011?block=Multiregion,420,"МОДУЛЬНЫЕ КУХНИ. ПРЯМЫЕ И УГЛОВЫЕ. КАЧЕСТВЕННО.Минск, ЛенинскийДоставка по Беларуси"
https://www.kufar.by/item/250574113?block=Multiregion,565,"Кресло компьютерное с RGB подсветкой красноеМинск, ПервомайскийДоставка по Беларуси"
https://www.kufar.by/item/250576645?block=Multiregion,440,"Кресло компьютерное офисное с вибромассажем черноеМинск, ПервомайскийДоставка по Беларуси"
https://www.kufar.by/item/250476759?block=Multiregion,565,"Игровое кресло компьютерное с RGB подсветкойМинск, ПервомайскийДоставка по Беларуси"
https://www.kufar.by/item/250573827?block=Multiregion,565,"Игровое кресло компьютерное с RGB подсветкой белоеМинск, ПервомайскийДоставка по Беларуси"
https://www.kufar.by/item/250574308?block=Multiregion,565,"Кресло компьютерное с RGB подсветкой розовоеМинск, ПервомайскийДоставка по Беларуси"
https://www.kufar.by/item/250672003?searchId=b581d7f44a384d4b1a786b8d4c177922aa4f,190,Столик компьютерныйГродноПозвонить
https://www.kufar.by/item/252943137?searchId=b581d7f44a384d4b1a786b8d4c177922aa4f,7999,"Финский диван Luonto Hampton Queen Size Минск, ЦентральныйПозвонить"
https://www.kufar.by/item/244521369?rank=86&searchId=b581d7f44a384d4b1a786b8d4c177922aa4f,330,"Детская кроватка Минск, Заводской"
https://www.kufar.by/item/251251953?rank=87&searchId=b581d7f44a384d4b1a786b8d4c177922aa4f,350,"Детская кроватка Lionelo Theo (серый)Минск, Первомайский"
https://www.kufar.by/item/253633686?rank=88&searchId=b581d7f44a384d4b1a786b8d4c177922aa4f,10,"Полка для обуви Минск, Первомайский"
https://www.kufar.by/item/253633667?rank=89&searchId=b581d7f44a384d4b1a786b8d4c177922aa4f,10,"Детские вешалки Минск, Центральный"
https://www.kufar.by/item/253633611?rank=91&searchId=b581d7f44a384d4b1a786b8d4c177922aa4f,330,"Кровать ikea миннен регулируемаяМинск, Фрунзенский"
https://www.kufar.by/item/253633551?rank=93&searchId=b581d7f44a384d4b1a786b8d4c177922aa4f,350,Угловой диван Пинскдрев в отличном состоянииБрест
https://www.kufar.by/item/252755595?rank=94&searchId=b581d7f44a384d4b1a786b8d4c177922aa4f,300,"Двери шкафа-купеМинск, Первомайский"
https://www.kufar.by/item/250148595?rank=95&searchId=b581d7f44a384d4b1a786b8d4c177922aa4f,250,"Шкаф-купеМинск, Фрунзенский"
https://www.kufar.by/item/250825430?rank=96&searchId=b581d7f44a384d4b1a786b8d4c177922aa4f,300,"Шкаф-купе с дверью в гардеробМинск, Первомайский"
https://www.kufar.by/item/253633427?rank=97&searchId=b581d7f44a384d4b1a786b8d4c177922aa4f,30,"Продам матрас Гомельская, Жлобин"
https://www.kufar.by/item/253631978?rank=98&searchId=b581d7f44a384d4b1a786b8d4c177922aa4f,90,"Стол.Брестская, Иваново"
https://www.kufar.by/item/247664487?rank=99&searchId=b581d7f44a384d4b1a786b8d4c177922aa4f,90,"Тумба Минск, Центральный"
https://www.kufar.by/item/251084219?rank=100&searchId=b581d7f44a384d4b1a786b8d4c177922aa4f,650,"Кровать из массива сосныМинская, Молодечно"
https://www.kufar.by/item/253633193?rank=101&searchId=b581d7f44a384d4b1a786b8d4c177922aa4f,150,"Полка лофтМинск, Заводской"
https://www.kufar.by/item/250709683?rank=102&searchId=b581d7f44a384d4b1a786b8d4c177922aa4f,150,"Продам наматрасникМинск, Фрунзенский"
https://www.kufar.by/item/253633189?rank=103&searchId=b581d7f44a384d4b1a786b8d4c177922aa4f,50,"Металлические стеллажи с полками из ДСП.Минск, Советский"
https://www.kufar.by/item/242797915?rank=104&searchId=b581d7f44a384d4b1a786b8d4c177922aa4f,270,"Эксклюзивный стол из массива сосны, ручная работаМинск, Октябрьский"
https://www.kufar.by/item/253633094?rank=106&searchId=b581d7f44a384d4b1a786b8d4c177922aa4f,150,"Детская кровать 160×80Могилевская, Бобруйск"
https://www.kufar.by/item/253632992?rank=109&searchId=b581d7f44a384d4b1a786b8d4c177922aa4f,600,"Спальня в полной  комплектации Гродненская, Сморгонь"
https://www.kufar.by/item/253632958?rank=110&searchId=b581d7f44a384d4b1a786b8d4c177922aa4f,300,"Стол-трансформер новый Могилевская, Чаусы"
https://www.kufar.by/item/135918970?rank=111&searchId=b581d7f44a384d4b1a786b8d4c177922aa4f,75,Стол стулья 17 цветов табуретки ДОСТАВКА по РБМогилевДоставка по Беларуси
https://www.kufar.by/item/22442587?rank=112&searchId=b581d7f44a384d4b1a786b8d4c177922aa4f,25,"4м, Кухонный стол и стулья табуретки ДОСТАВКА РБМинск, МосковскийДоставка по Беларуси"
https://www.kufar.by/item/253632502?rank=113&searchId=b581d7f44a384d4b1a786b8d4c177922aa4f,40,"Полка для ванной комнатыМинск, Фрунзенский"
https://www.kufar.by/item/217943005?rank=114&searchId=b581d7f44a384d4b1a786b8d4c177922aa4f,50,"Разработка чертежей мебели для распила из ДСП, МДФМинск, Октябрьский"
https://www.kufar.by/item/252615445?rank=115&searchId=b581d7f44a384d4b1a786b8d4c177922aa4f,200,Шкаф Брест
https://www.kufar.by/item/243711702?rank=117&searchId=b581d7f44a384d4b1a786b8d4c177922aa4f,1050,"Кровать двухъярусная, шкафМинск, Фрунзенский"
https://www.kufar.by/item/252377758?rank=120&searchId=b581d7f44a384d4b1a786b8d4c177922aa4f,80,"Шкаф-пеналМинск, Московский"
https://www.kufar.by/item/241308787?rank=121&searchId=b581d7f44a384d4b1a786b8d4c177922aa4f,490,СТОЛ ОБЕДЕННЫЙБрест
https://www.kufar.by/item/253632178?rank=122&searchId=b581d7f44a384d4b1a786b8d4c177922aa4f,150,Компьютерные и письменныеГомель
https://www.kufar.by/item/253632146?rank=124&searchId=b581d7f44a384d4b1a786b8d4c177922aa4f,60,"Стеллаж Витебская, Новополоцк"
https://www.kufar.by/item/140399245?rank=125&searchId=b581d7f44a384d4b1a786b8d4c177922aa4f,99,"Стеллаж прямой ,цвет Венге светлыйМинск, Ленинский"
https://www.kufar.by/item/253231853?rank=126&searchId=b581d7f44a384d4b1a786b8d4c177922aa4f,100,"Двуспальная кровать с подьемным механизмом Минская, Солигорск"
https://www.kufar.by/item/253632050?rank=127&searchId=b581d7f44a384d4b1a786b8d4c177922aa4f,200,Мягкая мебельГомель
https://www.kufar.by/item/253632043?rank=128&searchId=b581d7f44a384d4b1a786b8d4c177922aa4f,150,"ДиванМинск, Московский"
https://www.kufar.by/item/196878864?block=Multiregion,680,"КУХНИ. ВЫБОР ЦВЕТА И МАТЕРИАЛА.Минск, СоветскийДоставка по Беларуси"
https://www.kufar.by/item/197160483?block=Multiregion,750,"КУХНИ. ВЫБОР ЦВЕТА И РАЗМЕРА.Минск, ЦентральныйДоставка по Беларуси"
https://www.kufar.by/item/205779011?block=Multiregion,420,"МОДУЛЬНЫЕ КУХНИ. ПРЯМЫЕ И УГЛОВЫЕ. КАЧЕСТВЕННО.Минск, ЛенинскийДоставка по Беларуси"
https://www.kufar.by/item/250574113?block=Multiregion,565,"Кресло компьютерное с RGB подсветкой красноеМинск, ПервомайскийДоставка по Беларуси"
https://www.kufar.by/item/250576645?block=Multiregion,440,"Кресло компьютерное офисное с вибромассажем черноеМинск, ПервомайскийДоставка по Беларуси"
https://www.kufar.by/item/250476759?block=Multiregion,565,"Игровое кресло компьютерное с RGB подсветкойМинск, ПервомайскийДоставка по Беларуси"
https://www.kufar.by/item/250573827?block=Multiregion,565,"Игровое кресло компьютерное с RGB подсветкой белоеМинск, ПервомайскийДоставка по Беларуси"
https://www.kufar.by/item/250574308?block=Multiregion,565,"Кресло компьютерное с RGB подсветкой розовоеМинск, ПервомайскийДоставка по Беларуси"
https://www.kufar.by/item/250672003?searchId=047b07036e3b21730f59167cada4eb8359a5,190,Столик компьютерныйГродноПозвонить
https://www.kufar.by/item/252943137?searchId=047b07036e3b21730f59167cada4eb8359a5,7999,"Финский диван Luonto Hampton Queen Size Минск, ЦентральныйПозвонить"
https://www.kufar.by/item/252875913?rank=129&searchId=047b07036e3b21730f59167cada4eb8359a5,170,"Столешница ErgoSmart для стола. ГарантияМинск, Фрунзенский"
https://www.kufar.by/item/253632036?rank=130&searchId=047b07036e3b21730f59167cada4eb8359a5,120,"Кресло офисноеМинск, Фрунзенский"
https://www.kufar.by/item/253632011?rank=131&searchId=047b07036e3b21730f59167cada4eb8359a5,500,"КроватьГомельская, Калинковичи"
https://www.kufar.by/item/253631787?rank=132&searchId=047b07036e3b21730f59167cada4eb8359a5,200,"Шкаф-купеМинская, Солигорск"
https://www.kufar.by/item/251751641?rank=133&searchId=047b07036e3b21730f59167cada4eb8359a5,569,"Ресепшен, кассовый стол, барная стойкаМинск, СоветскийДоставка по Беларуси"
https://www.kufar.by/item/249551122?rank=134&searchId=047b07036e3b21730f59167cada4eb8359a5,300,Мебель для кухниГродно
https://www.kufar.by/item/253631709?rank=135&searchId=047b07036e3b21730f59167cada4eb8359a5,1400,"Стол из дуба Минск, Первомайский"
https://www.kufar.by/item/251750371?rank=136&searchId=047b07036e3b21730f59167cada4eb8359a5,80,"стол письменный срочно Минск, Первомайский"
https://www.kufar.by/item/253631673?rank=137&searchId=047b07036e3b21730f59167cada4eb8359a5,600,ДиванГродно
https://www.kufar.by/item/190155424?rank=138&searchId=047b07036e3b21730f59167cada4eb8359a5,320,"Стеллаж, книжная полка из дереваМинск, Первомайский"
https://www.kufar.by/item/248133936?rank=139&searchId=047b07036e3b21730f59167cada4eb8359a5,120,Детская кроваткаМогилев
https://www.kufar.by/item/253631498?rank=140&searchId=047b07036e3b21730f59167cada4eb8359a5,400,"Шкаф-купе Брестская, Ивацевичи"
https://www.kufar.by/item/253631497?rank=141&searchId=047b07036e3b21730f59167cada4eb8359a5,650,Кроватка транформерМогилев
https://www.kufar.by/item/181898971?rank=142&searchId=047b07036e3b21730f59167cada4eb8359a5,400,"МОДУЛЬНЫЕ КУХНИ. ПРЯМЫЕ И УГЛОВЫЕ. ЛЮБОЙ РАЗМЕР.Минск, ПартизанскийДоставка по Беларуси"
https://www.kufar.by/item/214001250?rank=143&searchId=047b07036e3b21730f59167cada4eb8359a5,420,"МОДУЛЬНЫЕ КУХНИ НОВЫЕ. НЕДОРОГО.Минск, ОктябрьскийДоставка по Беларуси"
https://www.kufar.by/item/218174390?rank=144&searchId=047b07036e3b21730f59167cada4eb8359a5,700,"ПРЯМЫЕ, УГЛОВЫЕ, П-ОБРАЗНЫЕ КУХНИ. НЕДОРОГО. Минск, МосковскийДоставка по Беларуси"
https://www.kufar.by/item/253631458?rank=145&searchId=047b07036e3b21730f59167cada4eb8359a5,170,"ДиванГродненская, Слоним"
https://www.kufar.by/item/248868073?rank=146&searchId=047b07036e3b21730f59167cada4eb8359a5,1400,"Кровать-комод-столМинск, Первомайский"
https://www.kufar.by/item/253631289?rank=147&searchId=047b07036e3b21730f59167cada4eb8359a5,100,"Продаю два кресла объемные мягкие и большие Минск, Партизанский"
https://www.kufar.by/item/247214238?rank=148&searchId=047b07036e3b21730f59167cada4eb8359a5,800,"ДиванМинск, Центральный"
https://www.kufar.by/item/253631124?rank=149&searchId=047b07036e3b21730f59167cada4eb8359a5,75,Кровать-тахтаГродно
https://www.kufar.by/item/253631121?rank=150&searchId=047b07036e3b21730f59167cada4eb8359a5,40,Платяной шкаф Витебск
https://www.kufar.by/item/252617899?rank=151&searchId=047b07036e3b21730f59167cada4eb8359a5,100,"Тумба стеклянная в хорошем состоянии.Минск, Московский"
https://www.kufar.by/item/253631098?rank=152&searchId=047b07036e3b21730f59167cada4eb8359a5,280,"Кроватка детская трансформер Витебская, Верхнедвинск"
https://www.kufar.by/item/253631082?rank=153&searchId=047b07036e3b21730f59167cada4eb8359a5,400,"кроватьМинск, Первомайский"
https://www.kufar.by/item/248119083?rank=154&searchId=047b07036e3b21730f59167cada4eb8359a5,580,"Стол кухонный , раздвижной , круглый , лофт (Доставка по согласованию)Брестская, БарановичиДоставка по Беларуси"
https://www.kufar.by/item/253630974?rank=155&searchId=047b07036e3b21730f59167cada4eb8359a5,110,"Ручки мебельные накладные 120см черные Минск, Первомайский"
https://www.kufar.by/item/253090633?rank=157&searchId=047b07036e3b21730f59167cada4eb8359a5,130,"Диван спальное 155см срочная продажаМинск, Заводской"
https://www.kufar.by/item/253630791?rank=159&searchId=047b07036e3b21730f59167cada4eb8359a5,45,"Кресло стул офисное компьютерноеМинск, Московский"
https://www.kufar.by/item/238471313?rank=160&searchId=047b07036e3b21730f59167cada4eb8359a5,950,"Шкаф-кроватьМинск, Фрунзенский"
https://www.kufar.by/item/253630651?rank=161&searchId=047b07036e3b21730f59167cada4eb8359a5,200,КроватьМогилев
https://www.kufar.by/item/253630634?rank=162&searchId=047b07036e3b21730f59167cada4eb8359a5,300,"Кресло Минск, Заводской"
https://www.kufar.by/item/249924768?rank=163&searchId=047b07036e3b21730f59167cada4eb8359a5,110,"Барный стул Минск, Центральный"
https://www.kufar.by/item/253630547?rank=164&searchId=047b07036e3b21730f59167cada4eb8359a5,70,"Полочка Витебская, Новополоцк"
https://www.kufar.by/item/253630525?rank=165&searchId=047b07036e3b21730f59167cada4eb8359a5,100,"Кухонный стол Минская, Жодино"
https://www.kufar.by/item/252304274?rank=166&searchId=047b07036e3b21730f59167cada4eb8359a5,270,"Стулья обеденныеМинск, Первомайский"
https://www.kufar.by/item/253630514?rank=167&searchId=047b07036e3b21730f59167cada4eb8359a5,10,СтолГомель
https://www.kufar.by/item/253630492?rank=168&searchId=047b07036e3b21730f59167cada4eb8359a5,300,ДиванВитебск
https://www.kufar.by/item/253630475?rank=169&searchId=047b07036e3b21730f59167cada4eb8359a5,100,"КомодВитебская, Барань"
https://www.kufar.by/item/253051523?rank=170&searchId=047b07036e3b21730f59167cada4eb8359a5,250,"ШкафМинск, Московский"
https://www.kufar.by/item/253628924?rank=171&searchId=047b07036e3b21730f59167cada4eb8359a5,50,"Матрас 120 на 60 PittexМинск, Октябрьский"
https://www.kufar.by/item/196878864?block=Multiregion,680,"КУХНИ. ВЫБОР ЦВЕТА И МАТЕРИАЛА.Минск, СоветскийДоставка по Беларуси"
https://www.kufar.by/item/197160483?block=Multiregion,750,"КУХНИ. ВЫБОР ЦВЕТА И РАЗМЕРА.Минск, ЦентральныйДоставка по Беларуси"
https://www.kufar.by/item/205779011?block=Multiregion,420,"МОДУЛЬНЫЕ КУХНИ. ПРЯМЫЕ И УГЛОВЫЕ. КАЧЕСТВЕННО.Минск, ЛенинскийДоставка по Беларуси"
https://www.kufar.by/item/250574113?block=Multiregion,565,"Кресло компьютерное с RGB подсветкой красноеМинск, ПервомайскийДоставка по Беларуси"
https://www.kufar.by/item/250576645?block=Multiregion,440,"Кресло компьютерное офисное с вибромассажем черноеМинск, ПервомайскийДоставка по Беларуси"
https://www.kufar.by/item/250476759?block=Multiregion,565,"Игровое кресло компьютерное с RGB подсветкойМинск, ПервомайскийДоставка по Беларуси"
https://www.kufar.by/item/250573827?block=Multiregion,565,"Игровое кресло компьютерное с RGB подсветкой белоеМинск, ПервомайскийДоставка по Беларуси"
https://www.kufar.by/item/250574308?block=Multiregion,565,"Кресло компьютерное с RGB подсветкой розовоеМинск, ПервомайскийДоставка по Беларуси"
